epoch,time,train/box_loss,train/cls_loss,train/dfl_loss,metrics/precision(B),metrics/recall(B),metrics/mAP50(B),metrics/mAP50-95(B),val/box_loss,val/cls_loss,val/dfl_loss,lr/pg0,lr/pg1,lr/pg2
1,264.853,0.92913,1.90452,0.95666,0.98997,0.98654,0.98698,0.82276,0.64382,1.8926,0.86553,0.00066,0.00066,0.00066
2,528.172,0.83439,1.21912,0.95179,0.98343,1,0.9948,0.84155,0.62583,1.03351,0.85703,0.0013004,0.0013004,0.0013004
3,799.229,0.82389,1.06256,0.93169,0.99883,1,0.995,0.81081,0.70792,0.9839,0.85864,0.0019144,0.0019144,0.0019144
4,1059.32,0.80032,0.99948,0.91934,0.99824,1,0.995,0.80658,0.71725,0.887,0.86395,0.0018812,0.0018812,0.0018812
5,1351.57,0.76113,0.87327,0.92005,0.99863,1,0.995,0.86246,0.51687,0.72777,0.83402,0.0018416,0.0018416,0.0018416
6,1791.28,0.74164,0.76596,0.9124,0.99856,1,0.995,0.83457,0.61598,0.70225,0.83409,0.001802,0.001802,0.001802
7,2250.33,0.7046,0.71995,0.90665,0.99912,1,0.995,0.85262,0.56466,0.58404,0.83175,0.0017624,0.0017624,0.0017624
8,2661.27,0.69045,0.64379,0.89431,0.98007,1,0.995,0.87681,0.51731,0.551,0.8077,0.0017228,0.0017228,0.0017228
9,3088.06,0.65808,0.59624,0.87548,0.99728,1,0.995,0.91361,0.44792,0.47502,0.80814,0.0016832,0.0016832,0.0016832
10,3532.62,0.61881,0.54395,0.88203,0.98902,1,0.9949,0.89758,0.45502,0.45685,0.81342,0.0016436,0.0016436,0.0016436
11,3974.9,0.59467,0.52904,0.88102,0.99922,1,0.995,0.92506,0.40466,0.41282,0.79378,0.001604,0.001604,0.001604
12,28743.8,0.53437,0.49339,0.86557,0.99918,1,0.995,0.90809,0.38469,0.39796,0.79451,0.0015644,0.0015644,0.0015644
13,29164.8,0.52296,0.48427,0.85182,0.99914,1,0.995,0.91249,0.4044,0.40733,0.79421,0.0015248,0.0015248,0.0015248
14,272.579,0.93506,0.72422,0.88786,0.99903,1,0.995,0.80064,0.72217,0.57024,0.80307,0.0014852,0.0014852,0.0014852
14,29699.3,0.54652,0.46522,0.86224,0.99925,1,0.995,0.91363,0.39641,0.38981,0.79853,0.0014852,0.0014852,0.0014852
15,530.481,0.90073,0.64064,0.8764,0.98854,1,0.9949,0.86552,0.55661,0.49789,0.79582,0.0014456,0.0014456,0.0014456
16,891.289,0.81449,0.6001,0.85979,0.99922,1,0.995,0.84632,0.62924,0.47572,0.79679,0.001406,0.001406,0.001406
15,30366,0.56064,0.45483,0.85622,0.99933,1,0.995,0.91363,0.38122,0.37435,0.79032,0.0014456,0.0014456,0.0014456
17,1169.96,0.76539,0.57178,0.85809,0.99928,1,0.995,0.87251,0.54135,0.4562,0.79954,0.0013664,0.0013664,0.0013664
18,1394.69,0.68926,0.5219,0.84745,0.99926,1,0.995,0.87744,0.54815,0.44263,0.78908,0.0013268,0.0013268,0.0013268
16,30884.1,0.47699,0.41263,0.84269,0.99931,1,0.995,0.93505,0.33825,0.30989,0.7807,0.001406,0.001406,0.001406
19,1671.39,0.70019,0.516,0.85132,0.99916,1,0.995,0.88139,0.49768,0.44819,0.79296,0.0012872,0.0012872,0.0012872
20,1962.38,0.66656,0.50151,0.85053,0.99937,1,0.995,0.90531,0.44324,0.40703,0.78878,0.0012476,0.0012476,0.0012476
17,31451.5,0.49779,0.42153,0.84186,0.99922,1,0.995,0.94624,0.33346,0.32212,0.78013,0.0013664,0.0013664,0.0013664
21,2206.66,0.65099,0.4786,0.83604,0.99918,1,0.995,0.90771,0.44861,0.38026,0.77833,0.001208,0.001208,0.001208
22,2507.44,0.65028,0.47236,0.83563,0.99932,1,0.995,0.89266,0.48816,0.39306,0.78076,0.0011684,0.0011684,0.0011684
18,32050.9,0.50155,0.40783,0.85373,0.99938,1,0.995,0.93047,0.35151,0.31399,0.78618,0.0013268,0.0013268,0.0013268
23,2805.63,0.65191,0.47426,0.83156,0.99932,1,0.995,0.92161,0.42288,0.38354,0.7756,0.0011288,0.0011288,0.0011288
24,3102.56,0.66959,0.47735,0.84698,0.99928,1,0.995,0.91511,0.47601,0.40371,0.78393,0.0010892,0.0010892,0.0010892
19,32616.4,0.48336,0.39729,0.85578,0.99941,1,0.995,0.94117,0.32569,0.30559,0.78282,0.0012872,0.0012872,0.0012872
25,3356.1,0.60198,0.4488,0.84236,0.99922,1,0.995,0.9021,0.45193,0.37481,0.78186,0.0010496,0.0010496,0.0010496
26,3603.4,0.58546,0.43809,0.83491,0.99934,1,0.995,0.92577,0.40069,0.35925,0.77641,0.00101,0.00101,0.00101
20,33121.8,0.50956,0.41018,0.85158,0.99929,1,0.995,0.93124,0.35574,0.32693,0.77974,0.0012476,0.0012476,0.0012476
27,3854.12,0.58005,0.42481,0.83939,0.99937,1,0.995,0.92344,0.40487,0.34889,0.77516,0.0009704,0.0009704,0.0009704
28,4096.79,0.57867,0.43217,0.82499,0.9994,1,0.995,0.91638,0.37284,0.35599,0.77587,0.0009308,0.0009308,0.0009308
21,33617.6,0.46328,0.3915,0.83485,0.99935,1,0.995,0.95526,0.31286,0.30508,0.78051,0.001208,0.001208,0.001208
29,4338.8,0.54908,0.41672,0.82667,0.99941,1,0.995,0.93134,0.38077,0.34595,0.77348,0.0008912,0.0008912,0.0008912
30,4583.87,0.5906,0.42184,0.83002,0.99939,1,0.995,0.92692,0.36577,0.32884,0.77252,0.0008516,0.0008516,0.0008516
22,34113.5,0.44055,0.36597,0.83422,0.99938,1,0.995,0.94061,0.327,0.28467,0.78053,0.0011684,0.0011684,0.0011684
31,4842.33,0.54925,0.39933,0.83025,0.99941,1,0.995,0.9288,0.37458,0.32594,0.775,0.000812,0.000812,0.000812
32,5109.96,0.54365,0.39977,0.82546,0.99943,1,0.995,0.9293,0.40272,0.34108,0.7745,0.0007724,0.0007724,0.0007724
23,34576.2,0.44562,0.36808,0.84262,0.99938,1,0.995,0.94805,0.31887,0.29306,0.77885,0.0011288,0.0011288,0.0011288
33,5318.54,0.54472,0.40771,0.82706,0.9994,1,0.995,0.93586,0.36224,0.32662,0.77322,0.0007328,0.0007328,0.0007328
34,5521.55,0.53872,0.39023,0.82902,0.99942,1,0.995,0.942,0.35172,0.30467,0.77221,0.0006932,0.0006932,0.0006932
24,34943.4,0.44397,0.37675,0.83704,0.99942,1,0.995,0.95766,0.33769,0.30751,0.77774,0.0010892,0.0010892,0.0010892
35,5727.9,0.52095,0.37974,0.82151,0.9994,1,0.995,0.94245,0.33309,0.29499,0.77128,0.0006536,0.0006536,0.0006536
36,5931.65,0.51682,0.38274,0.82664,0.99942,1,0.995,0.94619,0.36426,0.31743,0.77134,0.000614,0.000614,0.000614
25,35321.3,0.46484,0.38467,0.83716,0.99942,1,0.995,0.94958,0.30552,0.28251,0.77587,0.0010496,0.0010496,0.0010496
37,6128.24,0.51352,0.38401,0.82433,0.99933,1,0.995,0.95262,0.33655,0.30755,0.76823,0.0005744,0.0005744,0.0005744
38,6330.75,0.50235,0.38136,0.82712,0.99938,1,0.995,0.95113,0.30764,0.29314,0.76714,0.0005348,0.0005348,0.0005348
26,35698,0.43211,0.3542,0.83186,0.9994,1,0.995,0.977,0.26583,0.26417,0.77249,0.00101,0.00101,0.00101
39,6543.66,0.47694,0.36193,0.82272,0.99938,1,0.995,0.96141,0.31436,0.29215,0.76638,0.0004952,0.0004952,0.0004952
40,6759.63,0.48538,0.36703,0.82652,0.9993,1,0.995,0.95586,0.31259,0.29362,0.7666,0.0004556,0.0004556,0.0004556
27,36103.1,0.41041,0.34187,0.83635,0.99944,1,0.995,0.96728,0.27033,0.2677,0.77345,0.0009704,0.0009704,0.0009704
41,6964.67,0.38824,0.33361,0.78111,0.9992,1,0.995,0.94516,0.33118,0.30562,0.76831,0.000416,0.000416,0.000416
42,7180.31,0.38813,0.32622,0.79095,0.99932,1,0.995,0.9588,0.31791,0.2963,0.76978,0.0003764,0.0003764,0.0003764
28,36507.7,0.40317,0.33523,0.83481,0.99933,1,0.995,0.9507,0.30002,0.27127,0.77256,0.0009308,0.0009308,0.0009308
43,7374.57,0.38482,0.32919,0.78029,0.99941,1,0.995,0.95867,0.3202,0.30526,0.76764,0.0003368,0.0003368,0.0003368
44,7579.82,0.39165,0.32121,0.78414,0.99938,1,0.995,0.95128,0.32196,0.29368,0.76852,0.0002972,0.0002972,0.0002972
29,36878.4,0.41301,0.33054,0.83008,0.99938,1,0.995,0.95611,0.32714,0.26122,0.77449,0.0008912,0.0008912,0.0008912
45,7777.73,0.35936,0.30511,0.78479,0.9994,1,0.995,0.96493,0.30251,0.27342,0.76592,0.0002576,0.0002576,0.0002576
30,37245.1,0.39266,0.31821,0.82727,0.99943,1,0.995,0.97576,0.23653,0.23319,0.76805,0.0008516,0.0008516,0.0008516
46,7964.17,0.35286,0.29386,0.77489,0.99943,1,0.995,0.96114,0.30026,0.26637,0.76736,0.000218,0.000218,0.000218
47,8187.11,0.35755,0.2953,0.78527,0.99941,1,0.995,0.96625,0.28864,0.26389,0.7648,0.0001784,0.0001784,0.0001784
31,37667.7,0.37286,0.31308,0.82424,0.9994,1,0.995,0.97676,0.24846,0.2373,0.76956,0.000812,0.000812,0.000812
48,8428.1,0.35008,0.29591,0.77264,0.99941,1,0.995,0.97536,0.27951,0.26211,0.76379,0.0001388,0.0001388,0.0001388
49,8658.22,0.32665,0.28211,0.77045,0.99941,1,0.995,0.97545,0.27677,0.25936,0.76365,9.92e-05,9.92e-05,9.92e-05
32,38142.6,0.39098,0.31141,0.83238,0.99942,1,0.995,0.96513,0.25955,0.2395,0.77006,0.0007724,0.0007724,0.0007724
50,8897.99,0.32775,0.2802,0.7767,0.99942,1,0.995,0.97483,0.25967,0.2542,0.76299,5.96e-05,5.96e-05,5.96e-05
33,38547.7,0.36344,0.30221,0.82991,0.99936,1,0.995,0.98588,0.23391,0.21779,0.77101,0.0007328,0.0007328,0.0007328
34,38918.3,0.35885,0.30582,0.82058,0.99934,1,0.995,0.96585,0.25995,0.23496,0.77042,0.0006932,0.0006932,0.0006932
35,39303.3,0.358,0.3041,0.82736,0.99931,1,0.995,0.97709,0.24216,0.24152,0.76636,0.0006536,0.0006536,0.0006536
36,39741.7,0.35986,0.30357,0.83247,0.99928,1,0.995,0.98356,0.22617,0.22703,0.76868,0.000614,0.000614,0.000614
37,40334.7,0.34841,0.29375,0.82425,0.99923,1,0.995,0.98154,0.2358,0.22817,0.76478,0.0005744,0.0005744,0.0005744
38,41026.2,0.34226,0.2881,0.82586,0.99938,1,0.995,0.984,0.22738,0.21766,0.76517,0.0005348,0.0005348,0.0005348
39,42759.3,0.34327,0.29504,0.8263,0.99944,1,0.995,0.98896,0.20784,0.20935,0.76491,0.0004952,0.0004952,0.0004952
40,44071.5,0.31493,0.27068,0.82872,0.99934,1,0.995,0.99106,0.18603,0.20099,0.76231,0.0004556,0.0004556,0.0004556
41,44798.9,0.24504,0.22847,0.77761,0.9992,1,0.995,0.98205,0.21771,0.20943,0.7651,0.000416,0.000416,0.000416
42,45383.2,0.27987,0.24706,0.77879,0.99918,1,0.995,0.99151,0.21069,0.2116,0.76389,0.0003764,0.0003764,0.0003764
43,46431.4,0.24682,0.23744,0.77882,0.99934,1,0.995,0.98502,0.22502,0.20998,0.76524,0.0003368,0.0003368,0.0003368
44,47079.9,0.25556,0.23472,0.78554,0.99932,1,0.995,0.98891,0.2033,0.19892,0.76373,0.0002972,0.0002972,0.0002972
45,47972.1,0.25,0.22878,0.79298,0.99937,1,0.995,0.98746,0.20153,0.19388,0.76325,0.0002576,0.0002576,0.0002576
46,48953.5,0.23684,0.21951,0.78205,0.99934,1,0.995,0.99093,0.18974,0.18696,0.76234,0.000218,0.000218,0.000218
47,50747.2,0.22458,0.21629,0.78847,0.99936,1,0.995,0.9911,0.17338,0.17511,0.76144,0.0001784,0.0001784,0.0001784
48,51247.6,0.23317,0.21058,0.77141,0.99941,1,0.995,0.99261,0.17205,0.17367,0.76065,0.0001388,0.0001388,0.0001388
49,51581.7,0.21625,0.20831,0.76977,0.99938,1,0.995,0.99274,0.17339,0.17642,0.76086,9.92e-05,9.92e-05,9.92e-05
50,51924.2,0.20579,0.19923,0.76798,0.99936,1,0.995,0.99286,0.16715,0.1707,0.75989,5.96e-05,5.96e-05,5.96e-05
